{
  "optimized": {
    "tokens_pruned": 35,
    "tokens_reintroduced": 0,
    "layers_skipped": 7,
    "layers_compressed": 11,
    "cloud_offloaded_layers": 42,
    "local_processed_layers": 18,
    "memory_saved_mb": 0.84375,
    "memory_before_optimization_mb": 2.1876983642578125,
    "memory_after_optimization_mb": 2.6118621826171875,
    "total_tokens_processed": 13,
    "estimated_latency_savings_ms": 229.5080457749847,
    "estimated_energy_savings_percent": 60.5,
    "step_details": [
      {
        "step": 1,
        "seq_len": 8,
        "tokens_pruned": 5,
        "layers_skipped": 1,
        "layers_compressed": 2,
        "cloud_offloaded": 8,
        "memory_usage_mb": 0.2120819091796875,
        "estimated_latency_ms": 6.123046875,
        "compression_ratio": 0.25152278080077967,
        "memory_saved_from_compression_mb": 0.3515625,
        "actual_computation_time": 0.10839390754699707,
        "energy_savings_percent": 59.166666666666664,
        "total_step_time": 0.12850475311279297
      },
      {
        "step": 2,
        "seq_len": 9,
        "tokens_pruned": 6,
        "layers_skipped": 2,
        "layers_compressed": 0,
        "cloud_offloaded": 9,
        "memory_usage_mb": 0.775726318359375,
        "estimated_latency_ms": 4.629629629629633,
        "compression_ratio": 0.25152278080077967,
        "memory_saved_from_compression_mb": 0.3515625,
        "actual_computation_time": 0.07079720497131348,
        "energy_savings_percent": 62.5,
        "total_step_time": 0.0730738639831543
      },
      {
        "step": 3,
        "seq_len": 10,
        "tokens_pruned": 7,
        "layers_skipped": 1,
        "layers_compressed": 2,
        "cloud_offloaded": 8,
        "memory_usage_mb": 0.599945068359375,
        "estimated_latency_ms": 3.918750000000003,
        "compression_ratio": 0.25152278080077967,
        "memory_saved_from_compression_mb": 0.52734375,
        "actual_computation_time": 0.07273125648498535,
        "energy_savings_percent": 59.166666666666664,
        "total_step_time": 0.07564997673034668
      },
      {
        "step": 4,
        "seq_len": 11,
        "tokens_pruned": 8,
        "layers_skipped": 2,
        "layers_compressed": 0,
        "cloud_offloaded": 9,
        "memory_usage_mb": 0.599945068359375,
        "estimated_latency_ms": 3.0991735537190053,
        "compression_ratio": 0.25152278080077967,
        "memory_saved_from_compression_mb": 0.52734375,
        "actual_computation_time": 0.07079911231994629,
        "energy_savings_percent": 62.5,
        "total_step_time": 0.07314300537109375
      },
      {
        "step": 5,
        "seq_len": 12,
        "tokens_pruned": 9,
        "layers_skipped": 1,
        "layers_compressed": 2,
        "cloud_offloaded": 8,
        "memory_usage_mb": 0.424163818359375,
        "estimated_latency_ms": 2.7213541666666643,
        "compression_ratio": 0.25152278080077967,
        "memory_saved_from_compression_mb": 0.703125,
        "actual_computation_time": 0.07260608673095703,
        "energy_savings_percent": 59.166666666666664,
        "total_step_time": 0.07610106468200684
      }
    ],
    "computation_time": {
      "total_time_seconds": 0.4278867244720459,
      "avg_token_time_seconds": 0.08529453277587891,
      "avg_computation_time_seconds": 0.07906551361083984,
      "overhead_time_seconds": 0.006229019165039068,
      "percent_overhead": 7.302952442926823
    }
  },
  "unoptimized": {
    "tokens_pruned": 0,
    "tokens_reintroduced": 0,
    "layers_skipped": 0,
    "layers_compressed": 0,
    "cloud_offloaded_layers": 0,
    "local_processed_layers": 60,
    "memory_saved_mb": 0,
    "memory_before_optimization_mb": 3.9455108642578125,
    "memory_after_optimization_mb": 5.0727996826171875,
    "total_tokens_processed": 13,
    "estimated_latency_savings_ms": 0,
    "estimated_energy_savings_percent": 0,
    "step_details": [
      {
        "step": 1,
        "seq_len": 8,
        "tokens_pruned": 0,
        "layers_skipped": 0,
        "layers_compressed": 0,
        "cloud_offloaded": 0,
        "memory_usage_mb": 0.5636444091796875,
        "estimated_latency_ms": 50,
        "actual_computation_time": 0.7774527072906494,
        "energy_savings_percent": 0,
        "total_step_time": 0.7786397933959961
      },
      {
        "step": 2,
        "seq_len": 9,
        "tokens_pruned": 0,
        "layers_skipped": 0,
        "layers_compressed": 0,
        "cloud_offloaded": 0,
        "memory_usage_mb": 1.127288818359375,
        "estimated_latency_ms": 50,
        "actual_computation_time": 0.8253719806671143,
        "energy_savings_percent": 0,
        "total_step_time": 0.8267338275909424
      },
      {
        "step": 3,
        "seq_len": 10,
        "tokens_pruned": 0,
        "layers_skipped": 0,
        "layers_compressed": 0,
        "cloud_offloaded": 0,
        "memory_usage_mb": 1.127288818359375,
        "estimated_latency_ms": 50,
        "actual_computation_time": 0.7959296703338623,
        "energy_savings_percent": 0,
        "total_step_time": 0.7973768711090088
      },
      {
        "step": 4,
        "seq_len": 11,
        "tokens_pruned": 0,
        "layers_skipped": 0,
        "layers_compressed": 0,
        "cloud_offloaded": 0,
        "memory_usage_mb": 1.127288818359375,
        "estimated_latency_ms": 50,
        "actual_computation_time": 0.7888519763946533,
        "energy_savings_percent": 0,
        "total_step_time": 0.7904388904571533
      },
      {
        "step": 5,
        "seq_len": 12,
        "tokens_pruned": 0,
        "layers_skipped": 0,
        "layers_compressed": 0,
        "cloud_offloaded": 0,
        "memory_usage_mb": 1.127288818359375,
        "estimated_latency_ms": 50,
        "actual_computation_time": 0.7780101299285889,
        "energy_savings_percent": 0,
        "total_step_time": 0.7794458866119385
      }
    ],
    "computation_time": {
      "total_time_seconds": 3.973538875579834,
      "avg_token_time_seconds": 0.7945270538330078,
      "avg_computation_time_seconds": 0.7931232929229737,
      "overhead_time_seconds": 0.0014037609100341353,
      "percent_overhead": 0.17667880574513137
    }
  }
}
